  pattern,case,rxtype
% lisi %,include,ace_inhibitors
%ACCUPRIL%,include,ace_inhibitors
%ACCURETIC%,include,ace_inhibitors
%ALTACE%,include,ace_inhibitors
%benaz %,include,ace_inhibitors
%BENAZAPRIL%,include,ace_inhibitors
%BENAZEPRIL%,include,ace_inhibitors
%benzaepril%,include,ace_inhibitors
%BENZAPRIL%,include,ace_inhibitors
%benzepril%,include,ace_inhibitors
%CAPOTEN%,include,ace_inhibitors
%CAPOZIDE%,include,ace_inhibitors
%CAPTOPRIL%,include,ace_inhibitors
%CAPTOPTIL%,include,ace_inhibitors
%CAPTOTEN%,include,ace_inhibitors
%CAPTROPRIL%,include,ace_inhibitors
%cilazapril%,include,ace_inhibitors
%ENALAP[RT]IL%,include,ace_inhibitors
%ENALIPRILAT%,include,ace_inhibitors
%ENALPRIL%,include,ace_inhibitors
%ENLAPRILAT%,include,ace_inhibitors
%FOSINOPRIL%,include,ace_inhibitors
%hctz%/%lisin%,include,ace_inhibitors
%hydrochloroth%/%lisin%,include,ace_inhibitors
%LIS[IOY]NOPR[IOY]L%,include,ace_inhibitors
%LISIN %,include,ace_inhibitors
%lisin%/%hctz%,include,ace_inhibitors
%lisinop %,include,ace_inhibitors
%LISIONPRIL%,include,ace_inhibitors
%LISNOPRIL%,include,ace_inhibitors
%LOTENSIN%,include,ace_inhibitors
%lotrel%,include,ace_inhibitors
%MOEXEPRIL%,include,ace_inhibitors
%MOEXIPRIL%,include,ace_inhibitors
%MONOPRIL%,include,ace_inhibitors
%PERINDOPRIL%,include,ace_inhibitors
%PRINIVIL%,include,ace_inhibitors
%quinapr %,include,ace_inhibitors
%QUINAPRIL%,include,ace_inhibitors
%RAM[IA]PRIL%,include,ace_inhibitors
%TARKA%,include,ace_inhibitors
%TEMOCAPRIL%,include,ace_inhibitors
%TRANDOLAP%,include,ace_inhibitors
%trandolarpil%,include,ace_inhibitors
%uniretic%,include,ace_inhibitors
%VAS[EO]RETIC%,include,ace_inhibitors
%VASCACE%,include,ace_inhibitors
%VASOTEC%,include,ace_inhibitors
%ZESTORETIC%,include,ace_inhibitors
%ZESTRIL%,include,ace_inhibitors
%acarbose%,include,alphaglucose_inhibitors
%acrabose%,include,alphaglucose_inhibitors
%miglitol%,include,alphaglucose_inhibitors
%parmlintide%,include,amylin_analogue
%pramlinitide%,include,amylin_analogue
%pramlintide%,include,amylin_analogue
%ramlintide%,include,amylin_analogue
%symlin%,include,amylin_analogue
%ADENOCARD%,include,anti_arrhythmics
%ADENOSCAN%,include,anti_arrhythmics
%ADENOSINE%,include,anti_arrhythmics
%AMIOD[AO]RONE%,include,anti_arrhythmics
%AMIODARNE%,include,anti_arrhythmics
%AMIODAROE%,include,anti_arrhythmics
%anestacon%,include,anti_arrhythmics
%APRINDINE%,include,anti_arrhythmics
%AZIMILIDE%,include,anti_arrhythmics
%betapace%,include,anti_arrhythmics
%BRETYLIUM%,include,anti_arrhythmics
%BRETYLLIUM%,include,anti_arrhythmics
%BRETYYLIUM%,include,anti_arrhythmics
%CARDIOQUIN%,include,anti_arrhythmics
%CIN-QUIN%,include,anti_arrhythmics
%CORDARONE%,include,anti_arrhythmics
%DISOPYRAMIDE%,include,anti_arrhythmics
%DISOPYRAMINE%,include,anti_arrhythmics
%DOFEILIDE%,include,anti_arrhythmics
%DOFETILIDE%,include,anti_arrhythmics
%DRONEDARONE%,include,anti_arrhythmics
%duo-trach%,include,anti_arrhythmics
%DURAQUIN%,include,anti_arrhythmics
%DZZOFETILIDE%,include,anti_arrhythmics
%ENCAINAIDE%,include,anti_arrhythmics
%ENCAINIDE%,include,anti_arrhythmics
%ENCAINIDE%,include,anti_arrhythmics
%ENCZZAINIDE%,include,anti_arrhythmics
%ENKAID%,include,anti_arrhythmics
%ETHMOZINE%,include,anti_arrhythmics
%FLECAINIDE%,include,anti_arrhythmics
%IBULTILIDE%,include,anti_arrhythmics
%IBUTILIDE%,include,anti_arrhythmics
%IBUTLIDE%,include,anti_arrhythmics
%INDECAINIDE%,include,anti_arrhythmics
%LIDO[ /]%,include,anti_arrhythmics
%LIDOC %,include,anti_arrhythmics
%LIDOCA%,include,anti_arrhythmics
%LIDOCAINE%,include,anti_arrhythmics
%lidociane%,include,anti_arrhythmics
%lidocn%,include,anti_arrhythmics
%MEXILET[IE]NE%,include,anti_arrhythmics
%MEXILITINE%,include,anti_arrhythmics
%MEXITIL%,include,anti_arrhythmics
%MOR[AI]CIZINE%,include,anti_arrhythmics
%MORRICIZINE%,include,anti_arrhythmics
%NORPACE%,include,anti_arrhythmics
%PACERONE%,include,anti_arrhythmics
%PROCAIN%,include,anti_arrhythmics
%PROCAN%,include,anti_arrhythmics
%PRONESTYL%,include,anti_arrhythmics
%PROPAFENONE%,include,anti_arrhythmics
%QUINAGLUTE%,include,anti_arrhythmics
%QUINDINE%,include,anti_arrhythmics
%QUINIDEX%,include,anti_arrhythmics
%quinididine%,include,anti_arrhythmics
%QUINIDINE%,include,anti_arrhythmics
%QUINORA%,include,anti_arrhythmics
%RYTHMOL%,include,anti_arrhythmics
%SOTALOL%,include,anti_arrhythmics
%TAMBOCOR%,include,anti_arrhythmics
%TIKOSYN%,include,anti_arrhythmics
%TOCAINID%,include,anti_arrhythmics
%TON[OA]CARD%,include,anti_arrhythmics
%verapamil%,include,anti_arrhythmics
%VERNAKALANT%,include,anti_arrhythmics
%xylo %,include,anti_arrhythmics
%XYLOCAINE%,include,anti_arrhythmics
%XYLOCARD%,include,anti_arrhythmics
%ANTACID%,exclude,anti_arrhythmics
%BENADR%,exclude,anti_arrhythmics
%CEFTRIA%,exclude,anti_arrhythmics
%CREAM%,exclude,anti_arrhythmics
%DEXAMETH%,exclude,anti_arrhythmics
%DEXTROMETH%,exclude,anti_arrhythmics
%DIPH%,exclude,anti_arrhythmics
%GEL%,exclude,anti_arrhythmics
%HYDROCORT%,exclude,anti_arrhythmics
%JELLY%,exclude,anti_arrhythmics
%LIDO V%,exclude,anti_arrhythmics
%MAALOX%,exclude,anti_arrhythmics
%MOUTH%,exclude,anti_arrhythmics
%NYSTATIN%,exclude,anti_arrhythmics
%OINT%,exclude,anti_arrhythmics
%PENICILLIN%,exclude,anti_arrhythmics
%PROCAINE%,exclude,anti_arrhythmics
%V LIDO%,exclude,anti_arrhythmics
%VIS%,exclude,anti_arrhythmics
%WASH%,exclude,anti_arrhythmics
%embolex%,comment,anti_arrhythmics
/*only anticoagulant*/,comment,anti_arrhythmics
% WARF %,include,anti_coagulants
%[ -]RIVA %,include,anti_coagulants
%[-/ ]HEPAR[/ ]%,include,anti_coagulants
%ACENOCOUMAROL%,include,anti_coagulants
%ANGIOMAX%,include,anti_coagulants
%ANISINDIONE%,include,anti_coagulants
%ANTICOAG%,include,anti_coagulants
%APIX%,include,anti_coagulants
%ARDEPARIN%,include,anti_coagulants
%ARGATROBAN%,include,anti_coagulants
%ARIXTRA%,include,anti_coagulants
%AVITENE%,include,anti_coagulants
%BETRIXABAN%,include,anti_coagulants
%BISHYDROXYCOUMARIN%,include,anti_coagulants
%BIVALIRUD%,include,anti_coagulants
%BIVALRUDIN%,include,anti_coagulants
%CALCIPARINE%,include,anti_coagulants
%citrate%dextrose%,include,anti_coagulants
%CLEXANE%,include,anti_coagulants
%COUMADIN%,include,anti_coagulants
%DABIGAT%,include,anti_coagulants
%DALETPARIN%,include,anti_coagulants
%DALTEPARIN%,include,anti_coagulants
%DANAPAROID%,include,anti_coagulants
%DANAPROID%,include,anti_coagulants
%DELTAPARIN%,include,anti_coagulants
%DESIRUDIN%,include,anti_coagulants
%DICUMAROL%,include,anti_coagulants
%EDOXABAN%,include,anti_coagulants
%EMBOLEX%,include,anti_coagulants
%ENOXAP%,include,anti_coagulants
%ENOXPARIN%,include,anti_coagulants
%EPTIFIBATIDE%,include,anti_coagulants
%FONDAPARINUX%,include,anti_coagulants
%FRAXIPARINE%,include,anti_coagulants
%HEP[- ]LOC%,include,anti_coagulants
%HEPARIN%,include,anti_coagulants
%HEPLOCK%,include,anti_coagulants
%HPARIN%,include,anti_coagulants
%IDRAPARINUX%,include,anti_coagulants
%JANTOVEN%,include,anti_coagulants
%LEPIRUDIN%,include,anti_coagulants
%LOVENOX%,include,anti_coagulants
%MELAGATRAN%,include,anti_coagulants
%MIRADON%,include,anti_coagulants
%OTAMIXABAN%,include,anti_coagulants
%PANWARFIN%,include,anti_coagulants
%RIVAROX%,include,anti_coagulants
%SULODEXIDE%,include,anti_coagulants
%TIBROFIBAN%,include,anti_coagulants
%TINZAPARIN%,include,anti_coagulants
%TIROFIBAN%,include,anti_coagulants
%TRIOFIBAN%,include,anti_coagulants
%WA[RF]ARIN%,include,anti_coagulants
%WARFARIN%,include,anti_coagulants
%XIMELAGATRAN%,include,anti_coagulants
%XUBIX%,include,anti_coagulants
%BRACELET%,exclude,anti_coagulants
%NECKLACE%,exclude,anti_coagulants
%acd%formula%,comment,anti_coagulants
%citrate catheter lock%,comment,anti_coagulants
/*safe to ignore*/,comment,anti_coagulants
%/HYDRAL %,include,anti_hypertensions
%AL[FS]UZOSIN%,include,anti_hypertensions
%ALDOMET%,include,anti_hypertensions
%aldoril%,include,anti_hypertensions
%ALSEROXYLON%,include,anti_hypertensions
%aluzosin%,include,anti_hypertensions
%APRESOLINE%,include,anti_hypertensions
%BIDIL%,include,anti_hypertensions
%CARDURA%,include,anti_hypertensions
%CATAPRES%,include,anti_hypertensions
%CATPRES%,include,anti_hypertensions
%CLONID %,include,anti_hypertensions
%CLONID[IO]NE%,include,anti_hypertensions
%clonidi %,include,anti_hypertensions
%CRYPTENAMINE%,include,anti_hypertensions
%DEBRISOQUINE%,include,anti_hypertensions
%DESERPIDINE%,include,anti_hypertensions
%DIAZOXIDE%,include,anti_hypertensions
%doxasozin%,include,anti_hypertensions
%DOXAZ0SIN%,include,anti_hypertensions
%DOXAZO[SC]IN%,include,anti_hypertensions
%doxazoxin%,include,anti_hypertensions
%esimil%,include,anti_hypertensions
%EUTONYL%,include,anti_hypertensions
%GUAANETHIDINE%,include,anti_hypertensions
%GUAFACINE%,include,anti_hypertensions
%GUAFNACINE%,include,anti_hypertensions
%GUANABENZ%,include,anti_hypertensions
%GUANADREL%,include,anti_hypertensions
%GUANBENZ%,include,anti_hypertensions
%GUANETH[IE]DINE%,include,anti_hypertensions
%GUANFACINE%,include,anti_hypertensions
%HYDRALAZ%,include,anti_hypertensions
%HYDRLAZINE%,include,anti_hypertensions
%HYLOREL%,include,anti_hypertensions
%HYTRIN%,include,anti_hypertensions
%ILOPROST%,include,anti_hypertensions
%INVERSINE%,include,anti_hypertensions
%LOFEXIDINE%,include,anti_hypertensions
%LONITEN%,include,anti_hypertensions
%MACITENTAN%,include,anti_hypertensions
%MECAMYLAMINE%,include,anti_hypertensions
%methdopa %,include,anti_hypertensions
%methyldo %,include,anti_hypertensions
%methyldop %,include,anti_hypertensions
%METHYLDOPA%,include,anti_hypertensions
%METYLDOPA%,include,anti_hypertensions
%METYROSINE%,include,anti_hypertensions
%minipress%,include,anti_hypertensions
%MINOXIDIL%,include,anti_hypertensions
%MODERIL%,include,anti_hypertensions
%OPSUMIT%,include,anti_hypertensions
%PARGYLINE%,include,anti_hypertensions
%praliciguat%,include,anti_hypertensions
%PRAZOSIN%,include,anti_hypertensions
%RAUDIXIN%,include,anti_hypertensions
%RAUWOLFIA%,include,anti_hypertensions
%RESCINNAMINE%,include,anti_hypertensions
%RESERPINE%,include,anti_hypertensions
%RESREPINE%,include,anti_hypertensions
%RIOCIGUAT%,include,anti_hypertensions
%riociquat%,include,anti_hypertensions
%SERPASIL%,include,anti_hypertensions
%TENEX%,include,anti_hypertensions
%TERAZOSIN%,include,anti_hypertensions
%TERZOSIN%,include,anti_hypertensions
%TRIMETH[AO]PH[AI]N%,include,anti_hypertensions
%UROXATRAL%,include,anti_hypertensions
%vericiguat%,include,anti_hypertensions
%WYTENSIN%,include,anti_hypertensions
HYDRAL %,include,anti_hypertensions
%APRACLONIDINE%,exclude,anti_hypertensions
%flomax%,comment,anti_hypertensions
%HARNAL%,comment,anti_hypertensions
%jalyn%,comment,anti_hypertensions
%SILODOSIN%,comment,anti_hypertensions
%tamsul %,comment,anti_hypertensions
%tamsulos %,comment,anti_hypertensions
%TAMSULOSIN%,comment,anti_hypertensions
%ABILIFY%,include,antipsychotic
%ACETOPHENAZINE%,include,antipsychotic
%ARIPIPRAZ%,include,antipsychotic
%ARIPIRAZOLE%,include,antipsychotic
%ARIPRAZOLE%,include,antipsychotic
%ASENAPINE%,include,antipsychotic
%ASEPAPINE%,include,antipsychotic
%AUETIAPINE%,include,antipsychotic
%brexiprazole%,include,antipsychotic
%BREXPIPRAZOLE%,include,antipsychotic
%CARIPRAZINE%,include,antipsychotic
%CHLORPROMA%,include,antipsychotic
%CHLORPROMZINE%,include,antipsychotic
%CHLORPROTHIEXENE%,include,antipsychotic
%CHLORPROTHIXENE%,include,antipsychotic
%CHLORPTHIXENE%,include,antipsychotic
%CHLORRPROMAZINE%,include,antipsychotic
%CHLRPROTHIXENE%,include,antipsychotic
%CLOZAP%,include,antipsychotic
%CLOZAPINE%,include,antipsychotic
%CLOZARIL%,include,antipsychotic
%DROPERIDOL%,include,antipsychotic
%ESKALITH%,include,antipsychotic
%ETRAFON%,include,antipsychotic
%FLUOPERAZINE%,include,antipsychotic
%FLUPHEN%,include,antipsychotic
%GEODON%,include,antipsychotic
%HALDOL%,include,antipsychotic
%HALOPER%,include,antipsychotic
%HALPERIDOL%,include,antipsychotic
%ILOPERIDONE%,include,antipsychotic
%invega%,include,antipsychotic
%liithium%,include,antipsychotic
%LITHANE%,include,antipsychotic
%LITHIUM%,include,antipsychotic
%LITHOBID%,include,antipsychotic
%LITHONATE%,include,antipsychotic
%lithum carb%,include,antipsychotic
%lox[125]%,include,antipsychotic
%LOXA[PO]INE%,include,antipsychotic
%LOXAPIN%,include,antipsychotic
%LOXITANE%,include,antipsychotic
%LURASIDONE%,include,antipsychotic
%MELLARIL%,include,antipsychotic
%MELPERONE%,include,antipsychotic
%MESORIDAZINE%,include,antipsychotic
%METHOTRIMEPRAZINE%,include,antipsychotic
%MOBAN%,include,antipsychotic
%MOLIDONE%,include,antipsychotic
%MOLINDONE%,include,antipsychotic
%NAVANE%,include,antipsychotic
%nuplazid%,include,antipsychotic
%OLAN/HALOP%,include,antipsychotic
%OLANAPINE%,include,antipsychotic
%olanazapine%,include,antipsychotic
%OLANZ[AE]PINE%,include,antipsychotic
%OLANZAP%,include,antipsychotic
%OLANZPINE%,include,antipsychotic
%PALIPEIRDONE%,include,antipsychotic
%PALIPERDONE%,include,antipsychotic
%PALIPERIDONE%,include,antipsychotic
%PALIPSAIDONE%,include,antipsychotic
%PERHENAZINE%,include,antipsychotic
%PERMITIL%,include,antipsychotic
%PERPHEN%,include,antipsychotic
%PHERPHENAZINE%,include,antipsychotic
%PIMAVANSERIN%,include,antipsychotic
%PIMAVASERIN%,include,antipsychotic
%PIPERACETAZI[ND]E%,include,antipsychotic
%prochloroperazine%,include,antipsychotic
%PROCHLORPERAZINE%,include,antipsychotic
%PROKETAZINE%,include,antipsychotic
%PROLIXIN%,include,antipsychotic
%PROMAZINE%,include,antipsychotic
%QUETIAPINE%,include,antipsychotic
%QUETIIAPINE%,include,antipsychotic
%R[Ie]SPERIDONE%,include,antipsychotic
%RIPIPRAZOLE%,include,antipsychotic
%RISERIDONE%,include,antipsychotic
%RISPERD%,include,antipsychotic
%risperidn%,include,antipsychotic
%saphris%,include,antipsychotic
%SEENTIL%,include,antipsychotic
%SERENTIL%,include,antipsychotic
%SEROQUEL%,include,antipsychotic
%SERTINDOLE%,include,antipsychotic
%SPARINE%,include,antipsychotic
%STELAZINE%,include,antipsychotic
%TARACTAN%,include,antipsychotic
%THIOIOTHIXENE%,include,antipsychotic
%THIOIRDAZINE%,include,antipsychotic
%THIORDAZINE%,include,antipsychotic
%THIORIDAZINE%,include,antipsychotic
%THIORIDAZNE%,include,antipsychotic
%THIOTHIX[EI]NE%,include,antipsychotic
%THLORPROTHIXENE%,include,antipsychotic
%THORAZINE%,include,antipsychotic
%TRIFLUOPERAZINE%,include,antipsychotic
%TRIFLUPERAZINE%,include,antipsychotic
%TRIFLUROPERAZINE%,include,antipsychotic
%TRILAFON%,include,antipsychotic
%VESPRIN%,include,antipsychotic
%ZIPRASIDONE%,include,antipsychotic
%ZIPRAZISDONE%,include,antipsychotic
%ZOTEPINE%,include,antipsychotic
%ZQUIDE%,include,antipsychotic
%ZYDIS%,include,antipsychotic
%ZYPREXA%,include,antipsychotic
QUIDE%,include,antipsychotic
%BATTERY%,exclude,antipsychotic
%flox%,exclude,antipsychotic
%amitriptyline%,comment,antipsychotic
%compazine%,comment,antipsychotic
%edisylate%,comment,antipsychotic
%inapsine%,comment,antipsychotic
%triavil%,comment,antipsychotic
/*ignore*/,comment,antipsychotic
/*tricyclic antidepressant*/,comment,antipsychotic
/*vomiting*/,comment,antipsychotic
%alk%3831%,comment,antipsychotic
exclude supp & powder?,comment,antipsychotic
%/olmes %,include,arb_inhibitors
%ATACAND%,include,arb_inhibitors
%AVALIDE%,include,arb_inhibitors
%azilsar%,include,arb_inhibitors
%BENICAR%,include,arb_inhibitors
%CANDESAR%,include,arb_inhibitors
%COZAAR%,include,arb_inhibitors
%DIOVAN%,include,arb_inhibitors
%DOIVAN%,include,arb_inhibitors
%edarbyclor%,include,arb_inhibitors
%ENTRESTO%,include,arb_inhibitors
%EPROSARTAN%,include,arb_inhibitors
%exforge%,include,arb_inhibitors
%HYZAAR%,include,arb_inhibitors
%HYZAR%,include,arb_inhibitors
%IBESARTAN%,include,arb_inhibitors
%IBRESARTAN%,include,arb_inhibitors
%IRB[EA]SARTAN%,include,arb_inhibitors
%IRBERSARTAN%,include,arb_inhibitors
%LCZ696%,include,arb_inhibitors
%LOSART[/ ]%,include,arb_inhibitors
%LOSARTAN%,include,arb_inhibitors
%MICARDIS%,include,arb_inhibitors
%olemsartan%,include,arb_inhibitors
%olmesar %,include,arb_inhibitors
%OLMESART%,include,arb_inhibitors
%sacub%/%val%,include,arb_inhibitors
%talmisartan%,include,arb_inhibitors
%telisartan%,include,arb_inhibitors
%TELMISART%,include,arb_inhibitors
%telmisat%,include,arb_inhibitors
%tribenzor%,include,arb_inhibitors
%val489%,include,arb_inhibitors
%valsar %,include,arb_inhibitors
%VALSART%,include,arb_inhibitors
%VALSATAN%,include,arb_inhibitors
"% asa,%",include,aspirin
% aspir %,include,aspirin
"%,asa,%",include,aspirin
"%,asa&%",include,aspirin
%AGGRENOX%,include,aspirin
%alka seltzer%,include,aspirin
%alka-seltzer%,include,aspirin
%anacin%,include,aspirin
%ASA[ /]%,include,aspirin
%asa325%,include,aspirin
%ascomp%,include,aspirin
%ascriptin%,include,aspirin
%ASPIRIN%,include,aspirin
%asprin%,include,aspirin
%BUFFERIN%,include,aspirin
%empirin%,include,aspirin
%EXCEDRIN%,include,aspirin
%fiorinal%,include,aspirin
%painaid%,include,aspirin
%vanquish%,include,aspirin
"%zzasa,%",include,aspirin
%percodan%,comment,aspirin
%soma compound%,comment,aspirin
%soma cpd%,comment,aspirin
/*exclude supp or powder*/,comment,aspirin
/*narcotic*/,comment,aspirin
/*pain reliever*/,comment,aspirin
%ACEBUTALOL%,include,betablockers
%ACEBUTOLOL%,include,betablockers
%ATEN%/CHLOR%,include,betablockers
%ATENL%,include,betablockers
%ATENOL[ /]%,include,betablockers
%ATENOLOL%,include,betablockers
%BETAXLOL%,include,betablockers
%BETAXOLOL%,include,betablockers
%BETAZOLOL%,include,betablockers
%BETIMOL%,include,betablockers
%BETOPTIC%,include,betablockers
%BISOHEXAL%,include,betablockers
%BISOPROL%,include,betablockers
%BISOPROLOL%,include,betablockers
%BISOPROPOL%,include,betablockers
%BISORPOLOL%,include,betablockers
%BISPROLOL%,include,betablockers
%BLOCADREN%,include,betablockers
%BREVIBLOC%,include,betablockers
%BUCINDOLOL%,include,betablockers
%CARTEOLOL%,include,betablockers
%CARVEDILOL%,include,betablockers
%CARVEDIOLOL%,include,betablockers
%COMBIGAN%,include,betablockers
%CONCORE%,include,betablockers
%COREG %,include,betablockers
%CORGARD%,include,betablockers
%corzide%,include,betablockers
%COSOPT%,include,betablockers
%DILATREND%,include,betablockers
%ESMLOL%,include,betablockers
%ESMOLOL%,include,betablockers
%INDERAIDE%,include,betablockers
%INDERAL%,include,betablockers
%INDERIDE%,include,betablockers
%ISTALOL%,include,betablockers
%LABETABOL%,include,betablockers
%LABETALOL%,include,betablockers
%LABETOLOL%,include,betablockers
%LOPRESSOR%,include,betablockers
%METOOPROLOL%,include,betablockers
%METOPRO%,include,betablockers
%METOPROLOL%,include,betablockers
%NADOLOL%,include,betablockers
%NALDOLOL%,include,betablockers
%NEBIVOLOL%,include,betablockers
%NORMODYNE%,include,betablockers
%OCUPRESS%,include,betablockers
%OPROLOL%,include,betablockers
%PENBUTOLOL%,include,betablockers
%PINDODOL%,include,betablockers
%PINDOLOL%,include,betablockers
%POROPRANOLOL%,include,betablockers
%PROPANOLOL%,include,betablockers
%PROPRANALOL%,include,betablockers
%PROPRANOL%,include,betablockers
%PROPRANOLOL%,include,betablockers
%PROPRANONOL%,include,betablockers
%PRORANOLOL%,include,betablockers
%ROPRANOLOL%,include,betablockers
%SECTRAL%,include,betablockers
%TENORETIC%,include,betablockers
%TENORMIN%,include,betablockers
%TIMOLOL%,include,betablockers
%TIMOPTIC%,include,betablockers
%TOPROL[ -]XL%,include,betablockers
%TORPOL[ -]XL%,include,betablockers
%trandate%,include,betablockers
%TRORATE%,include,betablockers
%VISKEN%,include,betablockers
%ZIAC %,include,betablockers
%BETAPACE%,comment,betablockers
%SOTALOL%,comment,betablockers
/*valid, but anti-arrythmics*/,comment,betablockers
%/verap %,include,calcium_channel_blockers
%ADALAT%,include,calcium_channel_blockers
%afeditab%,include,calcium_channel_blockers
%AMIODIPINE%,include,calcium_channel_blockers
%amlod[15/ ]%,include,calcium_channel_blockers
%AMLODIP%,include,calcium_channel_blockers
%AMLODIPINE%,include,calcium_channel_blockers
%AMLODPINE%,include,calcium_channel_blockers
%BEPRIDEL%,include,calcium_channel_blockers
%BEPRIDIL%,include,calcium_channel_blockers
%CADUET%,include,calcium_channel_blockers
%CALAN[ (#]%,include,calcium_channel_blockers
%CARDENE%,include,calcium_channel_blockers
%CARDIAZEM%,include,calcium_channel_blockers
%CARDIPINE%,include,calcium_channel_blockers
%CARDIZEM%,include,calcium_channel_blockers
%CARTIA XR%,include,calcium_channel_blockers
%CARTIA XT%,include,calcium_channel_blockers
%CLEVIDEPINE%,include,calcium_channel_blockers
%CLEVIDIPINE%,include,calcium_channel_blockers
%COVERA%,include,calcium_channel_blockers
%DILACOR%,include,calcium_channel_blockers
%DILATIAZEM%,include,calcium_channel_blockers
%DILITAZEM%,include,calcium_channel_blockers
%DILTIAZDM%,include,calcium_channel_blockers
%DILTIAZEM%,include,calcium_channel_blockers
%DILTIAZEN%,include,calcium_channel_blockers
%DILTIZAEM%,include,calcium_channel_blockers
%DILTIZEM%,include,calcium_channel_blockers
%DYNACIRC%,include,calcium_channel_blockers
%EXFORGE%,include,calcium_channel_blockers
%FELODIPINE%,include,calcium_channel_blockers
%FLUNARIZINE%,include,calcium_channel_blockers
%ISOPTIN%,include,calcium_channel_blockers
%ISRADAPINE%,include,calcium_channel_blockers
%ISRADIPINE%,include,calcium_channel_blockers
%ISRAPIDINE%,include,calcium_channel_blockers
%katerzia%,include,calcium_channel_blockers
%LOTREL%,include,calcium_channel_blockers
%MIBEFRADIL%,include,calcium_channel_blockers
%NICARDAPINE%,include,calcium_channel_blockers
%NICARDIPENE%,include,calcium_channel_blockers
%NICARDIPINE%,include,calcium_channel_blockers
%NIDEDIPINE%,include,calcium_channel_blockers
%NIEDIPINE%,include,calcium_channel_blockers
%NIFEDEPINE%,include,calcium_channel_blockers
%NIFEDICAL%,include,calcium_channel_blockers
%NIFEDIPINE%,include,calcium_channel_blockers
%NIMODIPINE%,include,calcium_channel_blockers
%NIMOTOP%,include,calcium_channel_blockers
%NISOLDIPINE%,include,calcium_channel_blockers
%NISOLIDIPINE%,include,calcium_channel_blockers
%NORVASC%,include,calcium_channel_blockers
%PERAPAMIL%,include,calcium_channel_blockers
%PLENDIL%,include,calcium_channel_blockers
%PROCARDIA%,include,calcium_channel_blockers
%SULAR%,include,calcium_channel_blockers
%tarka%,include,calcium_channel_blockers
%TAZTIA%,include,calcium_channel_blockers
%TIAZAC%,include,calcium_channel_blockers
%tribenzor%,include,calcium_channel_blockers
%VASCOR%,include,calcium_channel_blockers
%VERAMPAMIL%,include,calcium_channel_blockers
%VERAPAM%,include,calcium_channel_blockers
%VERAPAMIL%,include,calcium_channel_blockers
%VERELAN%,include,calcium_channel_blockers
%VERZZAPAMIL%,include,calcium_channel_blockers
%COVERAGE%,exclude,calcium_channel_blockers
is it okay to exclude ointments?,comment,calcium_channel_blockers
%AMBENONIUM%,include,dementia
%ARICEPT%,include,dementia
%ATOMOXETINE%,include,dementia
%BETHAECHOL%,include,dementia
%bethanachol%,include,dementia
%BETHANECHOL%,include,dementia
%BETHANECOL%,include,dementia
%CODERGOCRINE%,include,dementia
%DIHYDROGENATED ERGOT%,include,dementia
%DONEPEZIL%,include,dementia
%ERGOLOID%,include,dementia
%ergot alkaloid%,include,dementia
%ergotamine%,include,dementia
%EROGOLOID%,include,dementia
%GALANTAMINE%,include,dementia
%HYDERGINE%,include,dementia
%HYOSCYAMUS%,include,dementia
%MEMANTINE%,include,dementia
%MESTINON%,include,dementia
%NAMENDA%,include,dementia
%namzaric%,include,dementia
%NEMANTINE%,include,dementia
%NEOSTGMNE METH%,include,dementia
%NEOSTIG%,include,dementia
%PHYSOSTIG%,include,dementia
%pyridostigamine%,include,dementia
%PYRIDOSTIGMINE%,include,dementia
%RILUZOLE%,include,dementia
%RIVASTIGMIN%,include,dementia
%RIVASTIGMINE%,include,dementia
%STRATTERA%,include,dementia
%TACRINE%,include,dementia
%URECHOLINE%,include,dementia
%prostigmin%,comment,dementia
%regonol%,comment,dementia
/*ignore*/,comment,dementia
/*treat MG (myasthenia gravis)*/,comment,dementia
embolex,comment,dementia
%CEDILANID%,include,digoxin
%CRYSTODIGIN%,include,digoxin
%DESLANOSIDE%,include,digoxin
%DIGITALIS%,include,digoxin
%DIGITEK%,include,digoxin
%DIGITOXIN%,include,digoxin
%DIGOXIN%,include,digoxin
%LANOXICAP%,include,digoxin
%LANOXIN%,include,digoxin
%PURODIGIN%,include,digoxin
%alogliptin%,include,dpp4_alogliptin
%oseni%,include,dpp4_alogliptin
%dutogliptin%,include,dpp4_inv
%empaglif%/%linagl%,include,dpp4_linagliptin
%glyxambi%,include,dpp4_linagliptin
%jentadueto%,include,dpp4_linagliptin
%linagliptin%,include,dpp4_linagliptin
%trijardy%,include,dpp4_linagliptin
%kombiglyze%,include,dpp4_saxagliptin
%metform%/%saxagl%,include,dpp4_saxagliptin
%saxagliptin%,include,dpp4_saxagliptin
%janumet%,include,dpp4_sitagliptin
%metform%/%sitagl%,include,dpp4_sitagliptin
%sitaglipt[ai]n%,include,dpp4_sitagliptin
%sitgaliptin%,include,dpp4_sitagliptin
%stiagliptin%,include,dpp4_sitagliptin
%vildagliptin%,include,dpp4_vildagliptin
%gliclazide%,include,gliclazide
%amaryl%,include,glimepiride
%amryl%,include,glimepiride
%avandaryl%,include,glimepiride
%duetact%,include,glimepiride
%glimep%,include,glimepiride
%nateglinide%,include,glinide
%repaglinide%,include,glinide
%glipizide%,include,glipizide
%glucotrol%,include,glipizide
%metaglip%,include,glipizide
%dulaglutide%,include,glp1_dulaglutide
%trulicity%,include,glp1_dulaglutide
%byetta%,include,glp1_exenatide
%exanatide%,include,glp1_exenatide
%exenatide%,include,glp1_exenatide
%exnatide%,include,glp1_exenatide
%extenatide%,include,glp1_exenatide
%albiglutide%,include,glp1_inv
%glymera%,include,glp1_inv
%surpass-4%,include,glp1_inv
%taspoglutide%,include,glp1_inv
%tirzepatide%,include,glp1_inv
%deglud%/%liraglut%,include,glp1_liraglutide
%liraglutd%,include,glp1_liraglutide
%liraglutide%,include,glp1_liraglutide
%xultophy%,include,glp1_liraglutide
%lexisenatide%,include,glp1_lixisenatide
%lixi [12]0%,include,glp1_lixisenatide
%lixisenatide%,include,glp1_lixisenatide
%soliqua%,include,glp1_lixisenatide
%semaglutide%,include,glp1_semaglutide
%semagluutide%,include,glp1_semaglutide
%diabeta%,include,glyburide
%glibenc%,include,glyburide
%glucovance%,include,glyburide
%glybur%,include,glyburide
%glynase%,include,glyburide
%glyyburide%,include,glyburide
%micronase%,include,glyburide
%[- ]lantus%,include,insulin
%[0-9]00[- ]U%,include,insulin
%[0-9]00U%,include,insulin
%50[-/]50%,include,insulin
%70[-/]30%,include,insulin
%75[-/]25%,include,insulin
%aspart%,include,insulin
%beef%,include,insulin
%detemir%,include,insulin
%determir%,include,insulin
%exubera%,include,insulin
%glargine%,include,insulin
%glulisine%,include,insulin
%hum%,include,insulin
%humalog%,include,insulin
%humulin%,include,insulin
%innolet%,include,insulin
%ins%,include,insulin
%insulin pen%,include,insulin
"%insulin[, ]reg%",include,insulin
%lente%,include,insulin
%levemir%,include,insulin
%lispro%,include,insulin
%monotard%,include,insulin
%novo fine%,include,insulin
%novofine%,include,insulin
%novolin%,include,insulin
%novolog%,include,insulin
%novopen%,include,insulin
%pork%,include,insulin
%soliqua%,include,insulin
%solostar%,include,insulin
%U[- ][0-9]00%,include,insulin
%U[0-9]00%,include,insulin
%ulin%,include,insulin
%velosulin%,include,insulin
%[bcrt]ulin%,exclude,insulin
%accord%,exclude,insulin
%batteries%,exclude,insulin
%battery%,exclude,insulin
%bromelains%,exclude,insulin
%dressing%,exclude,insulin
%insert%,exclude,insulin
%rins%,exclude,insulin
%study%,exclude,insulin
%sutilains%,exclude,insulin
INHL okay for T1DM,comment,insulin
%-EPA %,include,lipidlow_nonstatins
"%[- +/(]dha[ /)(,]%",include,lipidlow_nonstatins
%[- +/]dha,include,lipidlow_nonstatins
%ADVICOR%,include,lipidlow_nonstatins
%ALIROCUMAB%,include,lipidlow_nonstatins
%AMG 145%,include,lipidlow_nonstatins
%ATROMID%,include,lipidlow_nonstatins
%BEMPEDOIC%,include,lipidlow_nonstatins
%BENECOL%,include,lipidlow_nonstatins
%BEZAFIBRATE%,include,lipidlow_nonstatins
%BEZALIP%,include,lipidlow_nonstatins
%brewer%yeast%,include,lipidlow_nonstatins
%CELADRIN%,include,lipidlow_nonstatins
%CHIA SEED%,include,lipidlow_nonstatins
%CHLOESTYRAMINE%,include,lipidlow_nonstatins
%CHOLEST-OFF%,include,lipidlow_nonstatins
%CHOLESTRYAMINE%,include,lipidlow_nonstatins
%CHOLESTYRAMINE%,include,lipidlow_nonstatins
%CHOLYBAR%,include,lipidlow_nonstatins
%CLOFIBRATE%,include,lipidlow_nonstatins
%COLESEV[EA]LAM%,include,lipidlow_nonstatins
%COLESTID%,include,lipidlow_nonstatins
%COLESTIPOL%,include,lipidlow_nonstatins
%COLESTITPOL%,include,lipidlow_nonstatins
%COLOESTIPOL%,include,lipidlow_nonstatins
%DALCETRAPIB%,include,lipidlow_nonstatins
%DOCOSAHEXAENOIC%,include,lipidlow_nonstatins
%EICOSAPENTAENOIC%,include,lipidlow_nonstatins
%essential oil omega%,include,lipidlow_nonstatins
%EVAC[EI]TRAPIB%,include,lipidlow_nonstatins
%EVOL[OU]CUMAB%,include,lipidlow_nonstatins
%EVOLCUMAB%,include,lipidlow_nonstatins
%EZETIM%,include,lipidlow_nonstatins
%FATTY ACID%,include,lipidlow_nonstatins
%FE[NB]OFIB%,include,lipidlow_nonstatins
%FENOBIRATE%,include,lipidlow_nonstatins
%FISH OIL%,include,lipidlow_nonstatins
%FLAX%,include,lipidlow_nonstatins
%GEMFIBR[OP][ZS]IL%,include,lipidlow_nonstatins
%ICOSAPENT%,include,lipidlow_nonstatins
%KRILL OIL%,include,lipidlow_nonstatins
%LINOLENIC%,include,lipidlow_nonstatins
%LIPID OIL%,include,lipidlow_nonstatins
%LOCUMAB%,include,lipidlow_nonstatins
%LOMITAPIDE%,include,lipidlow_nonstatins
%LOPID%,include,lipidlow_nonstatins
%LORELCO%,include,lipidlow_nonstatins
%LOVAZA%,include,lipidlow_nonstatins
%MARINE LIPID%,include,lipidlow_nonstatins
%mega red%,include,lipidlow_nonstatins
%megared%,include,lipidlow_nonstatins
%MIPOMERS[EA]N%,include,lipidlow_nonstatins
%NIACIN%,include,lipidlow_nonstatins
%NIASPAN%,include,lipidlow_nonstatins
%NICOBID%,include,lipidlow_nonstatins
%NICOMIDE%,include,lipidlow_nonstatins
%NICOTINAMIDE%,include,lipidlow_nonstatins
%NICOTINIC%,include,lipidlow_nonstatins
%NINACIN%,include,lipidlow_nonstatins
%nopalin%,include,lipidlow_nonstatins
%OM[Ao]COR%,include,lipidlow_nonstatins
%OMEGA 7%,include,lipidlow_nonstatins
%OMEGA D3%,include,lipidlow_nonstatins
%OMEGA Q%,include,lipidlow_nonstatins
%OMEGA XL%,include,lipidlow_nonstatins
%OMEGA XTRA%,include,lipidlow_nonstatins
%OMEGA-E%,include,lipidlow_nonstatins
%OMEGA-ZYME%,include,lipidlow_nonstatins
%OMEGA[- ]3%,include,lipidlow_nonstatins
%OMEGA3%,include,lipidlow_nonstatins
%OMEGO-3%,include,lipidlow_nonstatins
%phytomega%,include,lipidlow_nonstatins
%PRALUENT%,include,lipidlow_nonstatins
%PREVALITE%,include,lipidlow_nonstatins
%PRO OMEGA%,include,lipidlow_nonstatins
%PROBUCOL%,include,lipidlow_nonstatins
%PROMEGA%,include,lipidlow_nonstatins
%QUESTRAN%,include,lipidlow_nonstatins
%red krill%,include,lipidlow_nonstatins
%SALMON OIL%,include,lipidlow_nonstatins
%SHARK LIVER OIL%,include,lipidlow_nonstatins
%SIMCOR%,include,lipidlow_nonstatins
%SUPER OMEGA%,include,lipidlow_nonstatins
%TRICOR%,include,lipidlow_nonstatins
%TRIGLIDE%,include,lipidlow_nonstatins
%UDOS OIL%,include,lipidlow_nonstatins
%ultimate omega%,include,lipidlow_nonstatins
%VASCEPA%,include,lipidlow_nonstatins
%VYTORIN%,include,lipidlow_nonstatins
%WELCHOL%,include,lipidlow_nonstatins
%ZETIA%,include,lipidlow_nonstatins
dha %,include,lipidlow_nonstatins
"E[FP]A[/, ]%",include,lipidlow_nonstatins
%CLOPID%,exclude,lipidlow_nonstatins
lots of powder/creams,comment,lipidlow_nonstatins
%/SIMV[ A]%,include,lipidlow_statins
%ADVICOR%,include,lipidlow_statins
%ATORV%,include,lipidlow_statins
%atrovastatin%,include,lipidlow_statins
%CADUET%,include,lipidlow_statins
%CERIVASTATIN%,include,lipidlow_statins
%CERVISTATIN%,include,lipidlow_statins
%CHLOXIN%,include,lipidlow_statins
%CHOLOXIN%,include,lipidlow_statins
%CRESTOR%,include,lipidlow_statins
%DEXTROTHYROXINE%,include,lipidlow_statins
%FLU[Vn]ASTATIN%,include,lipidlow_statins
%LESCOL%,include,lipidlow_statins
%LIPITOR%,include,lipidlow_statins
%LIVALO%,include,lipidlow_statins
%LOVASTATIN%,include,lipidlow_statins
%MEVACOR%,include,lipidlow_statins
%PITAVAST%,include,lipidlow_statins
%PRAVACHOL%,include,lipidlow_statins
%PRAVASTATIN%,include,lipidlow_statins
%PRAVSTATIN%,include,lipidlow_statins
%ROSUVA%,include,lipidlow_statins
%SIMCOR%,include,lipidlow_statins
%SIMVAST[As]TIN%,include,lipidlow_statins
%VYTORIN%,include,lipidlow_statins
%ZOCOR%,include,lipidlow_statins
%BUMETA[Nm]IDE%,include,loop_diuretics
%BUMETAdInE%,include,loop_diuretics
%BUMEX%,include,loop_diuretics
%BURINEX%,include,loop_diuretics
%DEMADEX%,include,loop_diuretics
%EDECRIN%,include,loop_diuretics
%ETHACR[YI]NIC%,include,loop_diuretics
%ETHACRYNATE%,include,loop_diuretics
%ETHANCRYNATE%,include,loop_diuretics
%exna %,include,loop_diuretics
%FRUMIL%,include,loop_diuretics
%FUROSEM%,include,loop_diuretics
%LASIX%,include,loop_diuretics
%TORSEMIDE%,include,loop_diuretics
%actoplus%,include,met
%avandamet%,include,met
%fortamet%,include,met
%glucophage%,include,met
%glucovance%,include,met
%glumetz%,include,met
%janumet%,include,met
%jentadueto%,include,met
%kombiglyze%,include,met
%maviglin%,include,met
%meformin%,include,met
%met-formin%,include,met
%met[ )+]%,include,met
%metaglip%,include,met
%metf%,include,met
%metformin%,include,met
%metofrmin%,include,met
%synjardy%,include,met
%trijardy%,include,met
%xigduo%,include,met
%[a-y]met%,exclude,met
%blister%,exclude,met
%cromolyn%,exclude,met
%[- ]NITRO %,include,nitrates
%BIDIL%,include,nitrates
%DEPONIT%,include,nitrates
%DILATRATE%,include,nitrates
%DUOTRATE%,include,nitrates
%DUTRATE%,include,nitrates
%ERYTHRIT[YO]L T%,include,nitrates
%IMDUR%,include,nitrates
%ISMO %,include,nitrates
%ISOBID%,include,nitrates
%ISORDIL%,include,nitrates
%ISOSOEBIDE%,include,nitrates
%isosor din%,include,nitrates
%ISOSORB%,include,nitrates
%ISOSORIBDE%,include,nitrates
%ISOSRDIL%,include,nitrates
%MINITRAN%,include,nitrates
%NITR[AI]TE%,include,nitrates
%NITREK%,include,nitrates
%NITRO PATCH%,include,nitrates
%NITRO-BID%,include,nitrates
%NITRO-DISC%,include,nitrates
%NITRO[- ]DUR%,include,nitrates
%NITROBID%,include,nitrates
%NITROCLYC%,include,nitrates
%NITRODISC%,include,nitrates
%NITRODUR%,include,nitrates
%NITROGARD%,include,nitrates
%NITROGGLYCERIN%,include,nitrates
%NITROGLY PATCH%,include,nitrates
%NITROGLY.%,include,nitrates
%NITROGLYC%,include,nitrates
%NITROGLYERIN%,include,nitrates
%NITROGLYG%,include,nitrates
%NITROGLYN%,include,nitrates
%NITROGYLCERIN%,include,nitrates
%NITROL%,include,nitrates
%NITROPASTE%,include,nitrates
%NITROSPAN%,include,nitrates
%NITROSTAT%,include,nitrates
%NITTROGARD%,include,nitrates
%NTG %,include,nitrates
%PENTRITOL%,include,nitrates
%PERITRATE%,include,nitrates
%RANOLAZINE%,include,nitrates
%SORBIDE%,include,nitrates
%SORBITRATE%,include,nitrates
%tridil%,include,nitrates
NITRO %,include,nitrates
RECTIV%,include,nitrates
%ALARIS%,exclude,nitrates
%BARRIER%,exclude,nitrates
%CONAZOLE%,exclude,nitrates
%FUNGAL%,exclude,nitrates
%PILOCARPINE%,exclude,nitrates
%SILVER%,exclude,nitrates
topical is okay,comment,nitrates
%ARISTO-PAK%,include,oral_glucocorticoids
%ARISTOCORT%TAB%,include,oral_glucocorticoids
%BETAMETH%,include,oral_glucocorticoids
%BETAPAR%,include,oral_glucocorticoids
%BUDESONID%,include,oral_glucocorticoids
%CELESTONE%,include,oral_glucocorticoids
%CORTEF%,include,oral_glucocorticoids
%CORTISOL%,include,oral_glucocorticoids
%CORTISONE%,include,oral_glucocorticoids
%DECADRON%,include,oral_glucocorticoids
%DECILONE%,include,oral_glucocorticoids
%DEFLAZACORT%,include,oral_glucocorticoids
%DELTASONE%,include,oral_glucocorticoids
%DEPO-MEDROL%,include,oral_glucocorticoids
%DEPO-METHYLPRED%,include,oral_glucocorticoids
%DEXAMETH%,include,oral_glucocorticoids
%DEXMETHASONE%,include,oral_glucocorticoids
%DEXTAMETHASONE%,include,oral_glucocorticoids
%entocort%,include,oral_glucocorticoids
%fludrocortiso%,include,oral_glucocorticoids
%GENT%PREDNIS%,include,oral_glucocorticoids
%hydrocort %,include,oral_glucocorticoids
%HYDROCORTONE%,include,oral_glucocorticoids
%KENACORT%,include,oral_glucocorticoids
%MAXIDEX%,include,oral_glucocorticoids
%MEDROL %,include,oral_glucocorticoids
%MEDROL(%,include,oral_glucocorticoids
%METHYLPRED%,include,oral_glucocorticoids
%METICORTEN%,include,oral_glucocorticoids
%METICORTIN%,include,oral_glucocorticoids
%millipred%,include,oral_glucocorticoids
%PARAMETHASONE%,include,oral_glucocorticoids
%PRED*NISOLONE%,include,oral_glucocorticoids
%PREDNI*SOLONE%,include,oral_glucocorticoids
%PREDNIS%,include,oral_glucocorticoids
%PRENISOLONE%,include,oral_glucocorticoids
%PRESNIS%,include,oral_glucocorticoids
%SOLU-MEDROL%,include,oral_glucocorticoids
%sterane%,include,oral_glucocorticoids
%sterapred%,include,oral_glucocorticoids
%TRIAMCIN%,include,oral_glucocorticoids
%UCERIS%,include,oral_glucocorticoids
% INJ%,exclude,oral_glucocorticoids
%[%]%,exclude,oral_glucocorticoids
%BUDES%FORMOT%,exclude,oral_glucocorticoids
%clotrim%,exclude,oral_glucocorticoids
%corticaine%,exclude,oral_glucocorticoids
%CR,exclude,oral_glucocorticoids
%polymyxin%,exclude,oral_glucocorticoids
%sulface%,exclude,oral_glucocorticoids
%TOP CRM%,exclude,oral_glucocorticoids
%VIAL%,exclude,oral_glucocorticoids
/* non-oral forms */,comment,oral_glucocorticoids
budes/formot (symbicort),comment,oral_glucocorticoids
clotrimazole (lotrisone),comment,oral_glucocorticoids
"polymyxin (maxitrol, cortisporin)",comment,oral_glucocorticoids
proctocort,comment,oral_glucocorticoids
vosol,comment,oral_glucocorticoids
zilretta,comment,oral_glucocorticoids
%A[Pm]OMORPHINE%,include,parkinson
%APOKYN%,include,parkinson
%artane%,include,parkinson
%AZILECT%,include,parkinson
%BIPERIDEN%,include,parkinson
%C%DOPA%L%DOPA%,include,parkinson
%CARB%ENTACAP%,include,parkinson
%CARB%LEV%,include,parkinson
%CARBIDOPA%,include,parkinson
%CARIDOPA%,include,parkinson
%COMTAN%,include,parkinson
%DOPAR%,include,parkinson
%ELDEPRYL%,include,parkinson
%EMSAM%,include,parkinson
%ENTAC[ao]PAONE%,include,parkinson
%ENTACAPONE%,include,parkinson
%ISOCARBOXAZID%,include,parkinson
%LARDOPA%,include,parkinson
%LEVODOPA%,include,parkinson
%MIRAPEX%,include,parkinson
%mucuna pruriens%,include,parkinson
%PARCOPA%,include,parkinson
%PERGOLIDE%,include,parkinson
%PERMAX%,include,parkinson
%PHENELZINE%,include,parkinson
%pramipex er%,include,parkinson
%PRAMIPEXOL%,include,parkinson
%RASAGILINE%,include,parkinson
%REQUIP%,include,parkinson
%ROPINIROLE%,include,parkinson
%ROPINROLE%,include,parkinson
%ROTIGOTINE%,include,parkinson
%SAFINAMIDE%,include,parkinson
%SELEG[Ie]LINE%,include,parkinson
%SELEGLINE%,include,parkinson
%SINEMET%,include,parkinson
%STALEVO%,include,parkinson
%TOLCAPONE%,include,parkinson
%TRANYLCYPROMINE%,include,parkinson
%TRIHEX%DYL%,include,parkinson
%TRIHEXYPHENIDYL%,include,parkinson
%ZELAPAR%,include,parkinson
%CARBAMAZE%,exclude,parkinson
%AMANTADINE%,comment,parkinson
%marplan%,comment,parkinson
%nardil%,comment,parkinson
%parnate%,comment,parkinson
%PROCYCLIDINE%,comment,parkinson
/*antidepressant*/,comment,parkinson
%aaaactos%,include,pioglitazone
%actoplus%,include,pioglitazone
%duetact%,include,pioglitazone
%oseni%,include,pioglitazone
%pilglitazone%,include,pioglitazone
%piogliazone%,include,pioglitazone
%pioglit%,include,pioglitazone
actos%,include,pioglitazone
%ABCIXIMA[BR]%,include,platelet_inhibitors
%advate%,include,platelet_inhibitors
%AGGRENOX%,include,platelet_inhibitors
%antihemoph%factor%,include,platelet_inhibitors
%antihemoph%fc%,include,platelet_inhibitors
%ANTIHEMOPHILIC FACT%,include,platelet_inhibitors
%BRILINTA%,include,platelet_inhibitors
%CANGRELOR%,include,platelet_inhibitors
%CLOPID%,include,platelet_inhibitors
%coagulation factor%,include,platelet_inhibitors
%DIPYRDAMOLE%,include,platelet_inhibitors
%DIPYRID%,include,platelet_inhibitors
%EFFIENT%,include,platelet_inhibitors
%FACTOR [[]VII%,include,platelet_inhibitors
%factor eight%,include,platelet_inhibitors
%FACTOR IX%,include,platelet_inhibitors
%FACTOR VII%,include,platelet_inhibitors
%helixate%,include,platelet_inhibitors
%mononine%,include,platelet_inhibitors
%NOVOSEVEN%,include,platelet_inhibitors
%parasugrel%,include,platelet_inhibitors
%PERSANTIN%,include,platelet_inhibitors
%PLAVIX%,include,platelet_inhibitors
%PR[Ae]SUGRE%,include,platelet_inhibitors
%REO-PRO%,include,platelet_inhibitors
%TICAGRELOR%,include,platelet_inhibitors
%ticlid%,include,platelet_inhibitors
%avandamet%,include,rosiglitazone
%avandaryl%,include,rosiglitazone
%avandia%,include,rosiglitazone
%rosiglit%,include,rosiglitazone
%rosilitazone%,include,rosiglitazone
%canaglifl%,include,sglt2_canagliflozin
%canaglifozin%,include,sglt2_canagliflozin
%cangliflozin%,include,sglt2_canagliflozin
%dapagliflozin%,include,sglt2_dapagliflozin
%dapaglifozin%,include,sglt2_dapagliflozin
%farxiga%,include,sglt2_dapagliflozin
%xigduo%,include,sglt2_dapagliflozin
%)empag %,include,sglt2_empagliflozin
%empag%/%metfor%,include,sglt2_empagliflozin
%empagliflozin%,include,sglt2_empagliflozin
%empagliflzn%,include,sglt2_empagliflozin
%empaglifozin%,include,sglt2_empagliflozin
%glyxambi%,include,sglt2_empagliflozin
%synjardy%,include,sglt2_empagliflozin
%trijardy%,include,sglt2_empagliflozin
%ertugliflozin%,include,sglt2_ertugliflozin
%NICCOTINE%,include,smoking
%NICODERM%,include,smoking
%NICORETTE%,include,smoking
%NICOTIN %,include,smoking
%NICOTINE%,include,smoking
%VARENICLINE%,include,smoking
%VARENICLN%,include,smoking
%NICOTROL%,comment,smoking
these needed exclusions -- many are inhalers,comment,smoking
%acet[Oa]hexamide%,include,sul_gen1
%chlkorpropamide%,include,sul_gen1
%chlor-propamide%,include,sul_gen1
%chloropropamide%,include,sul_gen1
%chlorpropamide%,include,sul_gen1
%chpropamide%,include,sul_gen1
%diab[Ie]nese%,include,sul_gen1
%dymelor%,include,sul_gen1
%orinase%,include,sul_gen1
%tolazamide%,include,sul_gen1
%tolbutamide%,include,sul_gen1
%tolinase%,include,sul_gen1
%tolzamide%,include,sul_gen1
%[/ ]hct %,include,thiazide_k_diuretics
%/CHLORTH%,include,thiazide_k_diuretics
%accuretic%,include,thiazide_k_diuretics
%ALDACTAZIDE%,include,thiazide_k_diuretics
%ALDACTONE%,include,thiazide_k_diuretics
%aldoril%,include,thiazide_k_diuretics
%AMILIORIDE%,include,thiazide_k_diuretics
%AMILORIDE%,include,thiazide_k_diuretics
%ANHYDRON%,include,thiazide_k_diuretics
%AQUATENS[EI]N%,include,thiazide_k_diuretics
%ATENOLOL%/CHLOR%,include,thiazide_k_diuretics
%avalide%,include,thiazide_k_diuretics
%AZILSAR%/CHLO%,include,thiazide_k_diuretics
%bendroflumeth%,include,thiazide_k_diuretics
%BENZTHIAZIDE%,include,thiazide_k_diuretics
%capozide%,include,thiazide_k_diuretics
%CHLOROTHIAZIDE%,include,thiazide_k_diuretics
%CHLORTHAL%,include,thiazide_k_diuretics
%COMBIPRES%,include,thiazide_k_diuretics
%corzide%,include,thiazide_k_diuretics
%CYCLOTHIAZIDE%,include,thiazide_k_diuretics
%DEMI-REGRO%,include,thiazide_k_diuretics
%DIUCARDIN%,include,thiazide_k_diuretics
%DIULO%,include,thiazide_k_diuretics
%DIUPRES%,include,thiazide_k_diuretics
%DIURIL%,include,thiazide_k_diuretics
%DYAZIDE%,include,thiazide_k_diuretics
%DYRENIUM%,include,thiazide_k_diuretics
%EDARBYCLOR%,include,thiazide_k_diuretics
%ENDUDRON%,include,thiazide_k_diuretics
%ENDURON%,include,thiazide_k_diuretics
%EPLERENONE%,include,thiazide_k_diuretics
%ESIDR[Ie]X%,include,thiazide_k_diuretics
%ESIMIL%,include,thiazide_k_diuretics
%EXNA[- ]%,include,thiazide_k_diuretics
%FLUIDIL%,include,thiazide_k_diuretics
%frumil%,include,thiazide_k_diuretics
%hc-thiazide%,include,thiazide_k_diuretics
%hctz%,include,thiazide_k_diuretics
%HYDRO-MOX%,include,thiazide_k_diuretics
%hydroch %,include,thiazide_k_diuretics
%HYDROCHL %,include,thiazide_k_diuretics
%HYDROCHL/%,include,thiazide_k_diuretics
%HYDROCHLOR %,include,thiazide_k_diuretics
%HYDROCHLORH%,include,thiazide_k_diuretics
%HYDROCHLORO%,include,thiazide_k_diuretics
%HYDROCHLOROTHIAZIDE%,include,thiazide_k_diuretics
%HYDROCHLORT%,include,thiazide_k_diuretics
%HYDROCHLTHIAZ%,include,thiazide_k_diuretics
%hydroclorothiazide%,include,thiazide_k_diuretics
%HYDROFLUMETH%,include,thiazide_k_diuretics
%HYDROMOX%,include,thiazide_k_diuretics
%HYGROTON%,include,thiazide_k_diuretics
%hyzaar%,include,thiazide_k_diuretics
%hyzar%,include,thiazide_k_diuretics
%INDAPAMIDE%,include,thiazide_k_diuretics
%inderaide%,include,thiazide_k_diuretics
%inderide%,include,thiazide_k_diuretics
%INSPRA%,include,thiazide_k_diuretics
%LOZOL%,include,thiazide_k_diuretics
%MAXZID%,include,thiazide_k_diuretics
%METAHYDRIN%,include,thiazide_k_diuretics
%METHYCHLOTHIAZIDE%,include,thiazide_k_diuretics
%METHYCLOTHIAZIDE%,include,thiazide_k_diuretics
%METHYLCLOTHIAZIDE%,include,thiazide_k_diuretics
%METOLAZONE%,include,thiazide_k_diuretics
%MICARDIS HCT%,include,thiazide_k_diuretics
%MICROZIDE%,include,thiazide_k_diuretics
%MODURECTIC%,include,thiazide_k_diuretics
%MODURETIC%,include,thiazide_k_diuretics
%NAQUA%,include,thiazide_k_diuretics
%NATURETIN%,include,thiazide_k_diuretics
%POLYTHIAZIDE%,include,thiazide_k_diuretics
%QUINETHAZONE%,include,thiazide_k_diuretics
%RENESE%,include,thiazide_k_diuretics
%SALURON%,include,thiazide_k_diuretics
%SPIRONOLACTIONE%,include,thiazide_k_diuretics
%SPIRONOLACTONE%,include,thiazide_k_diuretics
%SPIRONOLATONE%,include,thiazide_k_diuretics
%TENORETIC%,include,thiazide_k_diuretics
%TRIAMTERENE%,include,thiazide_k_diuretics
%tribenzor%,include,thiazide_k_diuretics
%TRICHLORMETH%,include,thiazide_k_diuretics
%uniretic%,include,thiazide_k_diuretics
%vaseretic%,include,thiazide_k_diuretics
%ZAROX[Oy]LYN%,include,thiazide_k_diuretics
%ZESTORETIC%,include,thiazide_k_diuretics
%ziac%,include,thiazide_k_diuretics
%adapter%,exclude,thiazide_k_diuretics
%DIHYDRO%,exclude,thiazide_k_diuretics
%ezziac%,exclude,thiazide_k_diuretics
%period%,exclude,thiazide_k_diuretics
%roglitazone%,include,troglitazone
